id,year,latitude,longitude,locations
6,2011.9.22 12:39,41.916827,-87.727944,"4035 W ARMITAGE AVE, Chicago, IL, United States"
8,2011.9.8 8:17,41.706273,-87.537446,"10401 S AVENUE M, Chicago, IL, United States"
10,2011.9.29 12:29,41.965538,-87.661443,"4600 N MAGNOLIA AVE, Chicago, IL, United States"
13,2007.12.14 7:51,41.894992,-87.758217,"5300 W CHICAGO AVE, Chicago, IL, United States"
14,2008.4.7 14:09,41.800995,-87.723374,"1914 S PULASKI RD, Chicago, IL, United States"
17,2008.6.20 11:27,41.879583,-87.757834,"5300 W MONROE ST, Chicago, IL, United States"
21,2007.8.1 13:07,42.003942,-87.669771,"_6712 N BOSWORTH AVE, Chicago, IL, United States"
22,2011.9.15 8:05,41.77549,-87.680864,"6501 S OAKLEY AVE, Chicago, IL, United States"
33,2005.1.28 0:00,41.895628,-87.71155,"800 N HOMAN AVE, Chicago, IL, United States"
34,2005.2.18 0:00,41.881014,-87.735795,"4400 W MADISON ST, Chicago, IL, United States"
37,2011.1.19 14:32,41.895583,-87.716428,"800 N CENTRAL PARK AVE, Chicago, IL, United States"
38,2012.3.23 10:57,41.805634,-87.603557,"4901 S DREXEL BLVD, Chicago, IL, United States"
40,2013.3.21 13:40,41.879668,-87.723301,"100 S SPRINGFIELD AVE, Chicago, IL, United States"
42,2011.9.8 8:18,41.748085,-87.557793,"8100 S MANISTEE AVE, Chicago, IL, United States"
49,2005.6.15 0:00,41.899082,-87.640101,"920 N HUDSON AVE, Chicago, IL, United States"
52,2007.3.9 14:33,41.866172,-87.660525,"1358 W WASHBURNE AVE, Chicago, IL, United States"
54,2010.1.15 14:42,41.737643,-87.660692,"1431 S LAFLIN ST, Chicago, IL, United States"
55,2009.9.25 10:34,41.865422,-87.65982,"_1326 W 13TH ST, Chicago, IL, United States"
57,2008.11.1 6:53,41.82185,-87.620047,"4000 S PRAIRIE AVE, Chicago, IL, United States"
62,2010.12.21 7:31,41.833784,-87.658219,"1400 S THROOP ST, Chicago, IL, United States"
63,2010.11.19 7:11,41.726017,-87.629896,"4301 S PRINCETON AVE, Chicago, IL, United States"
72,2005.12.29 0:00,41.856798,-87.663988,"1834 S LAFLIN ST, Chicago, IL, United States"
77,2006.9.20 0:00,41.884314,-87.76517,"5600 W WEST END AVE, Chicago, IL, United States"
78,2011.9.1 9:01,41.681494,-87.626513,"11700 S LA SALLE ST, Chicago, IL, United States"
80,2011.9.1 9:00,41.670422,-87.641398,"12301 S HALSTED ST, Chicago, IL, United States"
85,2011.8.15 13:21,41.901,-87.718093,"3654 W THOMAS ST, Chicago, IL, United States"
89,2005.12.27 0:00,41.882345,-87.763425,"5500 W WASHINGTON BLVD, Chicago, IL, United States"
90,2005.12.27 0:00,41.856804,-87.655418,"1156 W 19TH ST, Chicago, IL, United States"
93,2011.9.8 8:19,41.746316,-87.692536,"4432 W 81ST ST, Chicago, IL, United States"
98,2011.9.1 9:00,41.734259,-87.631619,"8801 S PRINCETON AVE, Chicago, IL, United States"
102,2006.4.22 0:00,41.990144,-87.657939,"1084 W THORNDALE AVE, Chicago, IL, United States"
104,2011.9.1 9:00,41.690455,-87.637231,"11201 S WALLACE ST, Chicago, IL, United States"
105,2011.8.25 8:20,41.770263,-87.66303,"6800 S JUSTINE ST, Chicago, IL, United States"
106,2011.9.1 9:02,41.702587,-87.562714,"2511 E 106TH ST, Chicago, IL, United States"
109,2011.8.26 8:22,41.767293,-87.672272,"6959 S WINCHESTER AVE, Chicago, IL, United States"
119,2008.12.12 13:56,41.989598,-87.699484,"5958 N CALIFORNIA AVE, Chicago, IL, United States"
120,2012.11.30 14:07,42.013301,-87.670216,"6900 N ASHLAND BLVD, Chicago, IL, United States"
127,2011.9.15 8:04,41.777605,-87.742374,"6340 S CICERO AVE, Chicago, IL, United States"
129,2007.6.20 13:47,41.856939,-87.723545,"1801 S HARDING AVE, Chicago, IL, United States"
137,2011.9.15 8:04,41.764007,-87.719832,"7101 S SPRINGFIELD AVE, Chicago, IL, United States"
150,2013.10.25 12:56,41.87077,-87.722855,"3900 W POLK ST, Chicago, IL, United States"
151,2012.12.31 13:39,41.87569,-87.753547,"5101 W GLADYS AVE, Chicago, IL, United States"
157,2006.10.16 11:19,41.85555,-87.683129,"2259 W 19TH ST, Chicago, IL, United States"
158,2006.10.16 14:17,41.853873,-87.679757,"2159 W 21ST ST, Chicago, IL, United States"
159,2006.10.24 14:39,41.854016,-87.675884,"1824 S DAMEN AVE, Chicago, IL, United States"
163,2006.11.10 11:29,41.865889,-87.719147,"3731 W ROOSEVELT RD, Chicago, IL, United States"
168,2011.9.12 8:33,41.723395,-87.606577,"9401 S BURNSIDE AVE, Chicago, IL, United States"
169,2011.9.6 9:03,41.784437,-87.635271,"2429 S STEWART AVE, Chicago, IL, United States"
173,2011.9.12 8:32,41.784691,-87.796347,"7001 W 59TH ST, Chicago, IL, United States"
174,2011.9.12 8:32,41.775928,-87.751887,"5201 W 64TH ST, Chicago, IL, United States"
178,2012.11.12 12:19,41.81736,-87.686916,"4201 S CAMPBELL AVE, Chicago, IL, United States"
182,2006.11.24 15:25,41.835986,-87.651204,"3202 S MORGAN ST, Chicago, IL, United States"
184,2009.11.6 13:17,41.939999,-87.653713,"958 W BELMONT AVE, Chicago, IL, United States"
186,2011.8.30 13:55,41.886807,-87.642802,"4400 W FULTON ST, Chicago, IL, United States"
188,2007.1.27 13:40,41.800995,-87.723374,"648 S PULASKI RD, Chicago, IL, United States"
193,2011.8.15 14:48,41.882165,-87.737803,"_4458 W WASHINGTON BLVD, Chicago, IL, United States"
194,2012.10.12 14:22,41.885568,-87.710119,"_3334 W WALNUT ST, Chicago, IL, United States"
196,2011.8.19 11:03,41.891916,-87.717711,"600 N MONTICELLO AVE, Chicago, IL, United States"
197,2011.9.3 11:03,41.889825,-87.719981,"3731 W FERDINAND ST, Chicago, IL, United States"
198,2009.6.17 14:02,41.902231,-87.757634,"3302 W DIVISION ST, Chicago, IL, United States"
204,2007.2.28 4:08,41.87783,-87.683767,"259 S OAKLEY BLVD, Chicago, IL, United States"
205,2006.10.26 14:57,41.902953,-87.685952,"2357 W DIVISION ST, Chicago, IL, United States"
206,2010.6.11 13:41,41.869849,-87.716128,"3659 W ARTHINGTON ST, Chicago, IL, United States"
216,2006.6.17 0:00,41.975777,-87.704404,"2002 W FOSTER AVE, Chicago, IL, United States"
221,2006.7.18 0:00,39.78373,-100.445882,"3900 S DR MARTIN LUTHER KING JR DR, Chicago, IL, United States"
222,2006.7.18 0:00,41.838493,-87.618087,"350 E 31ST ST, Chicago, IL, United States"
224,2011.10.3 13:39,41.917375,-87.715808,"3562 W ARMITAGE AVE, Chicago, IL, United States"
228,2011.8.9 14:14,41.883457,-87.728311,"200 N KARLOV AVE, Chicago, IL, United States"
231,2011.9.8 8:19,41.7413,-87.734599,"4532 W 83RD PL, Chicago, IL, United States"
232,2006.8.18 0:00,41.813059,-87.604556,"4501 S DREXEL BLVD, Chicago, IL, United States"
235,2011.9.22 12:39,41.772968,-87.74209,"4458 S CICERO AVE, Chicago, IL, United States"
237,2006.8.29 0:00,41.890291,-87.767885,"_543 N WALLER AVE, Chicago, IL, United States"
238,2006.8.29 0:00,41.965682,-87.71339,"4652 N KIMBALL AVE, Chicago, IL, United States"
239,2011.10.5 10:03,41.798419,-87.65742,"1301 W 52ND ST, Chicago, IL, United States"
240,2013.10.19 13:52,41.990115,-87.665256,"5932 N GLENWOOD AVE, Chicago, IL, United States"
246,2011.9.6 8:45,41.778228,-87.600755,"6410 S ELLIS AVE, Chicago, IL, United States"
255,2010.10.23 12:38,41.990144,-87.66038,"5934 N BROADWAY, Chicago, IL, United States"
259,2013.5.2 14:23,41.873827,-87.70118,"3000 W HARRISON ST, Chicago, IL, United States"
278,2007.8.3 12:28,41.89808,-87.696773,"125 N CALIFORNIA AVE, Chicago, IL, United States"
282,2008.6.20 11:27,41.88579,-87.768448,"300 N WALLER AVE, Chicago, IL, United States"
283,2011.9.15 8:03,41.809646,-87.743525,"4558 S CICERO AVE, Chicago, IL, United States"
292,2011.8.9 9:04,41.882941,-87.727267,"132 N KEYSTONE AVE, Chicago, IL, United States"
294,2011.8.9 8:31,41.88353,-87.733488,"4300 W WEST END AVE, Chicago, IL, United States"
295,2010.10.26 14:09,41.823755,-87.612545,"3901 S VINCENNES AVE, Chicago, IL, United States"
300,2011.9.30 12:29,41.930212,-87.739088,"2701 N KILBOURN AVE, Chicago, IL, United States"
301,2006.6.24 0:00,41.876961,-87.725651,"300 S PULASKI RD, Chicago, IL, United States"
304,2007.1.20 13:21,41.891864,-87.721197,"600 N HAMLIN AVE, Chicago, IL, United States"
307,2008.3.7 12:48,41.888311,-87.755466,"442 N LARAMIE AVE, Chicago, IL, United States"
310,2006.10.18 10:07,41.899187,-87.721613,"1000 N HAMLIN AVE, Chicago, IL, United States"
317,2007.9.28 12:37,41.917966,-87.761051,"5402 W GRAND AVE, Chicago, IL, United States"
318,2007.4.27 7:55,41.877484,-87.68483,"2327 W JACKSON BLVD, Chicago, IL, United States"
339,2007.10.18 3:29,41.968347,-87.710755,"3299 W LAWRENCE AVE, Chicago, IL, United States"
340,2007.10.18 3:28,41.968168,-87.717252,"3533 W LAWRENCE AVE, Chicago, IL, United States"
350,2007.12.15 9:34,41.877755,-87.627668,"2901 S STATE ST, Chicago, IL, United States"
352,2007.12.15 9:34,41.841825,-87.629663,"2918 S FEDERAL ST, Chicago, IL, United States"
357,2012.1.25 11:07,41.864437,-87.70672,"1301 S SAWYER AVE, Chicago, IL, United States"
358,2008.2.18 11:08,41.882097,-87.694107,"2700 W WARREN BLVD, Chicago, IL, United States"
363,2008.3.4 14:15,41.899202,-87.71505,"3534 W AUGUSTA BLVD, Chicago, IL, United States"
365,2008.2.15 14:24,41.880145,-87.766881,"2759 W MADISON ST, Chicago, IL, United States"
367,2008.3.4 14:16,41.992104,-87.675518,"6100 N RAVENSWOOD AVE, Chicago, IL, United States"
371,2009.1.28 10:11,41.87744,-87.755068,"232 S LARAMIE AVE, Chicago, IL, United States"
377,2008.8.29 13:33,41.968247,-87.720006,"3659 W LAWRENCE AVE, Chicago, IL, United States"
378,2008.8.29 11:17,42.005556,-87.670278,"1600 W PRATT BLVD, Chicago, IL, United States"
379,2008.9.3 11:23,41.968913,-87.656617,"1059 W LAWRENCE AVE, Chicago, IL, United States"
383,2008.9.8 14:50,41.873742,-87.761473,"501 S LOTUS AVE, Chicago, IL, United States"
391,2009.5.12 7:44,41.882994,-87.698906,"100 N FRANCISCO AVE, Chicago, IL, United States"
397,2009.5.1 12:39,41.972895,-87.727744,"5001 N PULASKI RD, Chicago, IL, United States"
408,2011.10.3 13:27,41.766684,-87.717448,"6947 S HAMLIN AVE, Chicago, IL, United States"
410,2007.4.10 1:27,42.021233,-87.670327,"1558 W JONQUIL TER, Chicago, IL, United States"
420,2011.9.26 9:50,41.914552,-87.730031,"1855 N KEDVALE AVE, Chicago, IL, United States"
425,2013.11.22 8:11,41.961438,-87.741549,"4514 W AGATITE AVE, Chicago, IL, United States"
426,2007.5.22 22:34,41.8992,-87.696956,"2801 W AUGUSTA BLVD, Chicago, IL, United States"
428,2007.5.2 15:38,41.858947,-87.661236,"1629 S LOOMIS ST, Chicago, IL, United States"
429,2007.5.7 10:11,41.965573,-87.6549,"4602 N SHERIDAN RD, Chicago, IL, United States"
431,2007.5.7 10:11,41.965573,-87.6549,"4602 N SHERIDAN RD, Chicago, IL, United States"
432,2013.5.7 10:10,41.877167,-87.718343,"3859 W JACKSON BLVD, Chicago, IL, United States"
433,2007.6.4 22:29,41.876833,-87.730234,"4159 W JACKSON BLVD, Chicago, IL, United States"
435,2011.8.23 11:11,41.878398,-87.698881,"2902 W ADAMS ST, Chicago, IL, United States"
437,2011.10.7 9:52,41.868014,-87.625724,"1159 S WABASH AVE, Chicago, IL, United States"
441,2013.1.17 8:02,41.728535,-87.584661,"9133 S STONY ISLAND AVE, Chicago, IL, United States"
443,2011.10.5 10:04,41.991944,-87.681262,"2032 W NORWOOD ST, Chicago, IL, United States"
446,2011.8.29 9:02,41.770803,-87.652945,"6759 S MAY ST, Chicago, IL, United States"
447,2012.5.17 14:20,41.886994,-87.727293,"4036 W CARROLL AVE, Chicago, IL, United States"
449,2007.10.17 14:46,41.955276,-87.751545,"4956 W BELLE PLAINE AVE, Chicago, IL, United States"
450,2007.10.17 14:46,41.858866,-87.713873,"1601 S DRAKE AVE, Chicago, IL, United States"
458,2011.9.15 8:03,41.918175,-87.719251,"3700 W MC LEAN AVE, Chicago, IL, United States"
459,2011.9.22 12:38,42.018068,-87.683101,"7500 N HOYNE AVE, Chicago, IL, United States"
460,2011.9.22 12:39,41.803824,-87.74826,"5003 W 49TH ST, Chicago, IL, United States"
463,2010.10.27 14:25,41.85698,-87.678594,"_2100 W 18TH PL, Chicago, IL, United States"
464,2007.11.5 13:42,41.855232,-87.661413,"1400 W CULLERTON ST, Chicago, IL, United States"
467,2011.10.7 9:51,41.905808,-87.634752,"204 W GOETHE ST, Chicago, IL, United States"
469,2007.11.5 13:43,41.856876,-87.659188,"1834 S THROOP ST, Chicago, IL, United States"
473,2011.9.12 8:32,41.776573,-87.7348,"6401 S KILBOURN AVE, Chicago, IL, United States"
478,2012.3.14 14:17,41.851399,-87.739218,"2020 W CERMAK RD, Chicago, IL, United States"
482,2011.9.6 8:46,41.766923,-87.659962,"_6959 S BISHOP ST, Chicago, IL, United States"
487,2008.5.28 15:26,41.886805,-87.698601,"301 N FRANCISCO AVE, Chicago, IL, United States"
490,2012.3.16 14:31,41.816613,-87.59821,"4301 S LAKE PARK AVE, Chicago, IL, United States"
493,2008.8.23 12:58,41.992733,-87.674505,"6123 N RAVENSWOOD AVE, Chicago, IL, United States"
498,2012.3.26 11:56,41.678219,-87.61528,"328 E 119TH ST, Chicago, IL, United States"
500,2009.5.8 15:09,41.972221,-87.707667,"5000 N TROY ST, Chicago, IL, United States"
505,2011.10.3 13:30,41.813089,-87.643118,"4459 S UNION AVE, Chicago, IL, United States"
506,2007.2.28 12:17,41.991999,-87.729729,"4024 W GLENLAKE AVE, Chicago, IL, United States"
511,2007.12.12 22:42,41.939876,-87.650871,"841 W BELMONT AVE, Chicago, IL, United States"
516,2012.3.23 10:57,41.838599,-87.685189,"7831 S WESTERN AVE, Chicago, IL, United States"
517,2012.2.15 13:47,41.859437,-87.672564,"1859 W 16TH ST, Chicago, IL, United States"
536,2011.3.1 10:48,41.885831,-87.771065,"5826 W FULTON ST, Chicago, IL, United States"
545,2011.1.26 13:44,41.838599,-87.685189,"659 S WESTERN AVE, Chicago, IL, United States"
546,2011.10.7 9:51,41.799602,-87.603684,"5245 S DREXEL AVE, Chicago, IL, United States"
602,2007.4.13 22:51,41.997455,-87.694973,"2601 W DEVON AVE, Chicago, IL, United States"
603,2007.4.13 22:53,41.997714,-87.686062,"2229 W DEVON AVE, Chicago, IL, United States"
604,2007.4.13 22:53,41.994261,-87.67555,"1801 W GRANVILLE AVE, Chicago, IL, United States"
611,2007.12.10 10:31,41.882254,-87.769992,"5800 W WASHINGTON BLVD, Chicago, IL, United States"
614,2007.5.22 22:35,42.005874,-87.661371,"6800 N SHERIDAN RD, Chicago, IL, United States"
623,2007.5.30 2:26,41.962871,-87.713362,"3401 W SUNNYSIDE AVE, Chicago, IL, United States"
633,2007.6.6 15:01,41.866081,-87.722841,"1200 S SPRINGFIELD AVE, Chicago, IL, United States"
638,2007.6.8 14:26,41.899214,-87.717939,"1000 N MONTICELLO AVE, Chicago, IL, United States"
640,2007.6.13 3:37,41.867029,-87.722595,"3899 W GRENSHAW ST, Chicago, IL, United States"
648,2007.6.20 13:48,41.860757,-87.709053,"1501 S CHRISTIANA AVE, Chicago, IL, United States"
651,2008.10.24 13:00,41.882301,-87.684219,"2300 W WARREN BLVD, Chicago, IL, United States"
679,2007.11.19 13:56,41.887357,-87.765335,"5602 W CORCORAN PL, Chicago, IL, United States"
680,2007.8.2 14:37,41.732712,-87.638364,"8855 S WALLACE ST, Chicago, IL, United States"
687,2008.1.12 12:14,41.894142,-87.766754,"758 N PARKSIDE AVE, Chicago, IL, United States"
700,2008.3.7 10:37,41.88059,-87.765719,"5600 W MADISON ST, Chicago, IL, United States"
703,2007.2.14 13:45,41.880822,-87.708392,"1 S SPAULDING AVE, Chicago, IL, United States"
704,2007.2.14 13:43,41.880145,-87.766881,"3180 W MADISON ST, Chicago, IL, United States"
705,2007.2.14 13:40,41.880145,-87.766881,"3358 W MADISON ST, Chicago, IL, United States"
706,2007.2.15 9:03,41.877409,-87.70618,"3200 W JACKSON BLVD, Chicago, IL, United States"
707,2012.6.6 14:29,41.936617,-87.785766,"3101 N NARRAGANSETT AVE, Chicago, IL, United States"
713,2011.8.24 13:53,41.898587,-87.755698,"3259 N LARAMIE AVE, Chicago, IL, United States"
715,2007.2.19 12:01,41.938442,-87.752049,"5001 W BELMONT AVE, Chicago, IL, United States"
717,2007.2.19 13:40,41.927062,-87.687766,"1132 N WESTERN AVE, Chicago, IL, United States"
724,2012.11.10 13:03,41.849813,-87.709674,"3359 W 23RD ST, Chicago, IL, United States"
725,2007.2.21 13:57,41.938574,-87.77611,"3201 N AUSTIN AVE, Chicago, IL, United States"
727,2007.2.21 9:01,41.936447,-87.776519,"3058 N AUSTIN AVE, Chicago, IL, United States"
728,2007.2.21 13:53,41.934559,-87.783657,"2958 N MOBILE AVE, Chicago, IL, United States"
733,2007.2.23 12:43,41.854552,-87.663846,"2047 S BLUE ISLAND AVE, Chicago, IL, United States"
736,2012.2.13 14:25,41.852336,-87.66602,"2127 S ASHLAND AVE, Chicago, IL, United States"
738,2007.2.26 10:33,41.877676,-87.68255,"_2230 W JACKSON BLVD, Chicago, IL, United States"
745,2007.2.27 13:52,41.863042,-87.70577,"3201 W DOUGLAS BLVD, Chicago, IL, United States"
748,2007.11.17 12:37,41.849986,-87.709038,"3332 W 23RD ST, Chicago, IL, United States"
749,2007.11.17 11:50,41.851399,-87.739218,"3413 W CERMAK RD, Chicago, IL, United States"
752,2007.3.2 14:41,41.928087,-87.735651,"4330 W WRIGHTWOOD AVE, Chicago, IL, United States"
753,2007.3.2 14:41,41.926284,-87.735816,"4358 W ALTGELD ST, Chicago, IL, United States"
787,2008.2.7 1:53,41.898587,-87.755698,"3202 N LARAMIE AVE, Chicago, IL, United States"
793,2007.5.8 13:15,41.853015,-87.670791,"1759 W 21ST PL, Chicago, IL, United States"
801,2007.3.9 9:57,41.877755,-87.627668,"3458 S STATE ST, Chicago, IL, United States"
802,2007.3.9 9:59,41.877755,-87.627668,"3458 S STATE ST, Chicago, IL, United States"
820,2008.7.14 8:01,41.75651,-87.579651,"7625 S CONSTANCE AVE, Chicago, IL, United States"
834,2008.9.15 14:11,41.851466,-87.733526,"2200 S KIRKLAND AVE, Chicago, IL, United States"
836,2008.7.16 14:58,41.866144,-87.717961,"1200 S LAWNDALE AVE, Chicago, IL, United States"
844,2009.7.18 11:02,41.82483,-87.603922,"3900 S LAKE PARK AVE, Chicago, IL, United States"
845,2008.9.16 14:07,41.885659,-87.701525,"_3000 W WALNUT ST, Chicago, IL, United States"
863,2009.9.16 8:37,42.019644,-87.669605,"7610 N BOSWORTH AVE, Chicago, IL, United States"
865,2010.3.12 11:38,41.897998,-87.73082,"929 N KEELER AVE, Chicago, IL, United States"
867,2010.3.16 9:34,41.900639,-87.730882,"1059 N KEELER AVE, Chicago, IL, United States"
870,2010.3.17 7:35,41.901863,-87.72885,"1158 N KARLOV AVE, Chicago, IL, United States"
872,2008.11.4 12:06,41.931466,-87.678944,"2758 N HOYNE AVE, Chicago, IL, United States"
882,2008.10.24 9:21,41.893826,-87.710436,"700 N CHRISTIANA AVE, Chicago, IL, United States"
888,2008.11.4 12:05,41.857454,-87.652607,"1024 W 18TH PL, Chicago, IL, United States"
890,2008.9.17 12:19,41.985808,-87.787612,"5724 N NORTHWEST HWY, Chicago, IL, United States"
893,2008.8.16 14:24,41.782321,-87.62062,"3900 S INDIANA AVE, Chicago, IL, United States"
894,2008.8.16 14:25,41.506121,-87.651298,"3800 S PRAIRIE AVE, Chicago, IL, United States"
895,2008.10.8 12:56,41.965763,-87.718284,"4658 N CENTRAL PARK AVE, Chicago, IL, United States"
897,2008.10.1 12:17,41.946418,-87.73954,"3602 N KILBOURN AVE, Chicago, IL, United States"
898,2008.8.26 12:27,41.954491,-87.669477,"1600 W IRVING PARK RD, Chicago, IL, United States"
900,2012.12.22 12:36,41.997686,-87.687608,"2301 W DEVON AVE, Chicago, IL, United States"
901,2009.1.26 7:21,42.019613,-87.673304,"7600 N PAULINA ST, Chicago, IL, United States"
902,2009.10.30 13:16,41.838741,-87.685331,"3112 S WESTERN AVE, Chicago, IL, United States"
903,2010.4.8 14:08,41.911748,-87.71515,"3541 W WABANSIA AVE, Chicago, IL, United States"
904,2010.4.8 14:15,41.918063,-87.713417,"2031 N ST LOUIS AVE, Chicago, IL, United States"
905,2011.4.9 6:30,41.911977,-87.713479,"1700 N ST LOUIS AVE, Chicago, IL, United States"
1008,2009.11.6 13:24,41.852896,-87.698441,"2127 S MARSHALL BLVD, Chicago, IL, United States"
1017,2009.5.28 13:41,41.880604,-87.762446,"5440 W MADISON ST, Chicago, IL, United States"
1018,2009.5.20 13:39,41.880145,-87.766881,"5232 W MADISON ST, Chicago, IL, United States"
1022,2009.5.27 14:45,41.880145,-87.766881,"5331 W MADISON ST, Chicago, IL, United States"
1024,2009.4.21 13:09,41.968251,-87.719666,"3633 W LAWRENCE AVE, Chicago, IL, United States"
1025,2009.8.18 11:50,41.997783,-87.699889,"2800 W DEVON AVE, Chicago, IL, United States"
1028,2009.8.19 11:53,41.997881,-87.701082,"2832 W DEVON AVE, Chicago, IL, United States"
1030,2009.5.28 11:52,41.880145,-87.766881,"5200 W MADISON ST, Chicago, IL, United States"
1033,2009.11.9 13:11,41.900494,-87.643205,"1000 N LARRABEE ST, Chicago, IL, United States"
1034,2008.11.21 11:20,41.925658,-87.654904,"_2400 N SHEFFIELD AVE, Chicago, IL, United States"
1039,2009.4.7 11:02,41.877808,-87.660864,"1358 W JACKSON BLVD, Chicago, IL, United States"
1040,2009.7.15 14:26,41.882391,-87.763151,"101 N PINE AVE, Chicago, IL, United States"
1043,2009.9.8 8:41,41.96858,-87.654705,"4759 N SHERIDAN RD, Chicago, IL, United States"
1045,2009.11.2 13:51,41.746656,-87.644846,"8109 S GREEN ST, Chicago, IL, United States"
1046,2009.3.28 16:21,41.735364,-87.555204,"8801 S MUSKEGON AVE, Chicago, IL, United States"
1047,2009.5.13 12:18,41.693909,-87.654484,"11001 S THROOP ST, Chicago, IL, United States"
1048,2012.10.12 11:01,41.910521,-87.754157,"5058 W CONCORD PL, Chicago, IL, United States"
1049,2012.7.27 14:33,41.879072,-87.698802,"132 S FRANCISCO AVE, Chicago, IL, United States"
1050,2009.11.6 10:25,41.844383,-87.647809,"843 W 27TH ST, Chicago, IL, United States"
1051,2009.3.30 16:25,41.68393,-87.669386,"11531 S CHURCH ST, Chicago, IL, United States"
1052,2009.4.21 13:34,41.968221,-87.722305,"3763 W LAWRENCE AVE, Chicago, IL, United States"
1053,2009.4.22 14:45,41.997876,-87.698639,"2732 W DEVON AVE, Chicago, IL, United States"
1055,2009.3.30 16:28,41.695652,-87.654324,"1253 W 109TH ST, Chicago, IL, United States"
1058,2010.1.15 12:00,42.008061,-87.667979,"6944 N GREENVIEW AVE, Chicago, IL, United States"
1062,2010.12.7 14:00,41.968274,-87.717547,"3559 W LAWRENCE AVE, Chicago, IL, United States"
1066,2009.12.10 7:35,41.681188,-87.655108,"1323 W 117TH ST, Chicago, IL, United States"
1067,2009.3.28 16:20,41.740859,-87.554883,"8501 S MUSKEGON AVE, Chicago, IL, United States"
1069,2010.1.14 14:41,41.9401,-87.639534,"3632 W BELMONT AVE, Chicago, IL, United States"
1070,2009.3.30 16:27,41.682065,-87.670425,"11651 S CHURCH ST, Chicago, IL, United States"
1072,2010.5.21 9:41,41.653591,-87.54335,"3301 E 133RD ST, Chicago, IL, United States"
1073,2009.8.5 14:26,41.974057,-87.723404,"5120 N HAMLIN AVE, Chicago, IL, United States"
1075,2009.9.25 12:30,41.968547,-87.70744,"3132 W LAWRENCE AVE, Chicago, IL, United States"
1077,2010.10.22 13:40,41.764681,-87.673641,"7100 S DAMEN AVE, Chicago, IL, United States"
1078,2010.10.22 13:38,41.768316,-87.673732,"6900 S DAMEN AVE, Chicago, IL, United States"
1080,2009.9.15 15:17,41.752216,-87.651648,"7800 S ABERDEEN ST, Chicago, IL, United States"
1082,2009.9.11 7:57,41.774111,-87.648587,"6600 S SANGAMON ST, Chicago, IL, United States"
1084,2009.11.20 14:27,41.683768,-87.616881,"11552 S PRAIRIE AVE, Chicago, IL, United States"
1087,2009.11.1 14:28,41.70886,-87.6274,"142 W 102ND ST, Chicago, IL, United States"
1088,2009.11.21 11:49,41.485784,-87.616054,"10200 S STATE ST, Chicago, IL, United States"
1092,2009.11.21 10:20,41.703373,-87.623673,"10500 S STATE ST, Chicago, IL, United States"
1093,2009.12.9 13:26,41.85135,-87.671164,"2228 S WOOD ST, Chicago, IL, United States"
1094,2009.12.9 12:38,41.852336,-87.66602,"1232 S ASHLAND AVE, Chicago, IL, United States"
1095,2009.12.8 14:15,41.881239,-87.698943,"2900 W MADISON ST, Chicago, IL, United States"
1099,2010.1.21 11:07,41.721407,-87.643814,"1 W 95TH ST, Chicago, IL, United States"
1104,2010.4.7 7:52,41.961105,-87.708082,"3199 W MONTROSE AVE, Chicago, IL, United States"
1107,2010.4.21 10:46,41.839518,-87.654353,"3047 S GRATTEN AVE, Chicago, IL, United States"
1108,2010.4.22 12:42,41.877519,-87.696029,"2798 W JACKSON BLVD, Chicago, IL, United States"
1110,2010.5.14 14:21,41.941921,-87.649221,"3301 N HALSTED ST, Chicago, IL, United States"
1111,2011.1.3 8:39,41.770815,-87.681984,"6759 S CLAREMONT AVE, Chicago, IL, United States"
1116,2010.9.9 9:36,41.797616,-87.789571,"5200 S NORMANDY AVE, Chicago, IL, United States"
1117,2010.9.9 9:39,41.90566,-87.71188,"1332 N HOMAN AVE, Chicago, IL, United States"
1119,2010.9.10 12:42,41.993203,-87.681019,"6140 N SEELEY AVE, Chicago, IL, United States"
1120,2010.8.25 13:45,41.682401,-87.620455,"11601 S MICHIGAN AVE, Chicago, IL, United States"
1121,2010.7.9 8:56,41.853183,-87.635308,"2121 S PRINCETON AVE, Chicago, IL, United States"
1124,2010.9.28 13:42,41.741019,-87.542697,"8501 S MACKINAW AVE, Chicago, IL, United States"
1126,2010.10.5 9:23,41.910381,-87.693436,"1600 N TALMAN AVE, Chicago, IL, United States"
1127,2010.10.5 9:23,41.890798,-87.673436,"1859 W GRAND AVE, Chicago, IL, United States"
1128,2010.10.5 9:23,41.912001,-87.711635,"1701 N KIMBALL AVE, Chicago, IL, United States"
1130,2010.10.27 13:45,41.801828,-87.587787,"5142 S LAKE PARK AVE, Chicago, IL, United States"
1131,2010.10.27 13:41,41.813883,-87.67107,"4401 S HONORE ST, Chicago, IL, United States"
1134,2012.10.31 14:19,41.900333,-87.75234,"1058 N LAWLER AVE, Chicago, IL, United States"
1135,2010.5.27 14:04,39.78373,-100.445882,"8510 S DR MARTIN LUTHER KING JR DR, Chicago, IL, United States"
1136,2010.9.10 9:25,41.799351,-87.66749,"5200 S PAULINA ST, Chicago, IL, United States"
1143,2011.2.23 13:41,41.973611,-87.727509,"5061 N PULASKI RD, Chicago, IL, United States"
1145,2010.7.29 12:48,41.896484,-87.727079,"835 N KEYSTONE AVE, Chicago, IL, United States"
1146,2010.7.29 12:48,41.778346,-87.612917,"6401 S EBERHART AVE, Chicago, IL, United States"
1150,2012.8.23 14:27,41.684499,-87.689714,"2732 W 115TH ST, Chicago, IL, United States"
1152,2011.4.29 11:43,41.88724,-87.762605,"5471 W LAKE ST, Chicago, IL, United States"
1153,2011.4.29 11:48,41.894595,-87.765376,"101 N CENTRAL AVE, Chicago, IL, United States"
2108,2008.2.8 12:44,41.722002,-87.629027,"200 W 95TH ST, Chicago, IL, United States"
2109,2008.2.8 12:44,41.722002,-87.629027,"200 W 95TH ST, Chicago, IL, United States"
2110,2008.2.8 12:43,41.722002,-87.629027,"200 W 95TH ST, Chicago, IL, United States"
2111,2008.2.8 12:43,41.69974,-87.563296,"10768 S BENSLEY AVE, Chicago, IL, United States"
2112,2008.2.8 12:42,41.69974,-87.563296,"10768 S BENSLEY AVE, Chicago, IL, United States"
2113,2008.2.8 12:05,41.69974,-87.563296,"10768 S BENSLEY AVE, Chicago, IL, United States"
2114,2008.2.8 11:58,41.824873,-87.633588,"3801 S PRINCETON AVE, Chicago, IL, United States"
2115,2008.2.8 12:03,41.824873,-87.633588,"_3801 S PRINCETON AVE, Chicago, IL, United States"
2116,2008.2.8 12:04,41.826112,-87.633715,"3741 S PRINCETON AVE, Chicago, IL, United States"
2117,2008.2.8 12:05,41.825699,-87.619905,"258 E 38TH ST, Chicago, IL, United States"
2118,2008.2.8 12:07,41.825215,-87.633173,"260 W 38TH ST, Chicago, IL, United States"
2119,2008.2.8 12:12,41.826085,-87.632935,"3752 S WELLS ST, Chicago, IL, United States"
2120,2008.2.8 12:41,41.824999,-87.633,"3800 S WELLS ST, Chicago, IL, United States"
2121,2008.2.8 12:40,41.824871,-87.633682,"3803 S PRINCETON AVE, Chicago, IL, United States"
2122,2008.2.8 12:39,41.824871,-87.633682,"3803 S PRINCETON AVE, Chicago, IL, United States"
2123,2008.2.8 12:38,41.998413,-87.661219,"6400 N SHERIDAN RD, Chicago, IL, United States"
2124,2008.2.8 12:37,41.998413,-87.661219,"6400 N SHERIDAN RD, Chicago, IL, United States"
2125,2008.2.8 12:36,41.998413,-87.661219,"6400 N SHERIDAN RD, Chicago, IL, United States"
2126,2008.2.8 12:35,41.807317,-87.624513,"4800 S WABASH AVE, Chicago, IL, United States"
2127,2008.2.8 12:34,41.807317,-87.624513,"4800 S WABASH AVE, Chicago, IL, United States"
2128,2008.2.8 12:33,41.807317,-87.624513,"4800 S WABASH AVE, Chicago, IL, United States"
2129,2008.2.8 12:32,41.807317,-87.624513,"4800 S WABASH AVE, Chicago, IL, United States"
2130,2008.2.8 12:32,41.807317,-87.624513,"4800 S WABASH AVE, Chicago, IL, United States"
2131,2008.2.8 12:31,41.807317,-87.624513,"4800 S WABASH AVE, Chicago, IL, United States"
2132,2008.2.8 12:24,41.807317,-87.624513,"4800 S WABASH AVE, Chicago, IL, United States"
2133,2008.2.8 12:27,41.836767,-87.648446,"3189 S LITUANICA AVE, Chicago, IL, United States"
2757,2008.1.30 0:00,41.877755,-87.627668,"128 S STATE ST, Chicago, IL, United States"
2759,2008.1.30 17:17,41.877755,-87.627668,"608 S STATE ST, Chicago, IL, United States"
2760,2008.1.30 17:17,41.867399,-87.627426,"1167 S STATE ST, Chicago, IL, United States"
2761,2008.1.30 17:16,41.853097,-87.630968,"138 W CERMAK RD, Chicago, IL, United States"
2762,2008.1.30 17:16,41.831304,-87.630658,"142 W 35TH ST, Chicago, IL, United States"
2763,2008.1.30 17:15,41.809298,-87.631606,"220 W 47TH ST, Chicago, IL, United States"
2764,2008.1.30 0:00,41.795792,-87.631201,"_220 W GARFIELD BLVD, Chicago, IL, United States"
2765,2008.1.30 0:00,41.780113,-87.631,"220 W 63RD ST, Chicago, IL, United States"
2766,2008.1.30 0:00,41.768939,-87.625824,"15 W 69TH ST, Chicago, IL, United States"
2767,2008.1.30 0:00,41.750688,-87.625183,"15 W 79TH ST, Chicago, IL, United States"
2768,2008.1.30 0:00,41.736087,-87.624765,"15 W 87TH ST, Chicago, IL, United States"
2769,2008.1.30 0:00,41.721407,-87.643814,"15 W 95TH ST, Chicago, IL, United States"
2770,2008.1.30 0:00,41.884288,-87.706232,"3200 W LAKE ST, Chicago, IL, United States"
2771,2008.1.30 0:00,41.829616,-87.680034,"3525 S LEAVITT ST, Chicago, IL, United States"
2772,2008.1.30 0:00,41.916731,-87.687277,"1909 N WESTERN AVE, Chicago, IL, United States"
2773,2008.1.30 0:00,41.967151,-87.713216,"4699 N KIMBALL AVE, Chicago, IL, United States"
2774,2008.1.30 0:00,41.964828,-87.708709,"4600 N KEDZIE AVE, Chicago, IL, United States"
2775,2008.1.30 0:00,41.966078,-87.70095,"4699 N FRANCISCO AVE, Chicago, IL, United States"
2776,2008.1.30 0:00,41.966441,-87.693853,"4664 N ROCKWELL ST, Chicago, IL, United States"
2777,2008.1.30 0:00,41.966482,-87.68873,"4663 N WESTERN AVE, Chicago, IL, United States"
2780,2008.1.30 0:00,41.939111,-87.712195,"3355 W BELMONT AVE, Chicago, IL, United States"
2781,2008.1.30 0:00,41.9401,-87.639534,"3285 W BELMONT AVE, Chicago, IL, United States"
2782,2008.1.30 0:00,41.877755,-87.627668,"320 S STATE ST, Chicago, IL, United States"
2785,2008.1.30 0:00,41.851743,-87.734622,"2188 S KOSTNER AVE, Chicago, IL, United States"
2786,2008.1.30 0:00,41.854172,-87.724565,"2005 S PULASKI RD, Chicago, IL, United States"
2787,2008.1.30 0:00,41.85403,-87.715343,"1915 S CENTRAL PARK AVE, Chicago, IL, United States"
2788,2008.1.30 0:00,41.854134,-87.705666,"1944 S KEDZIE AVE, Chicago, IL, United States"
2789,2008.1.30 0:00,41.854262,-87.695195,"_2011 S CALIFORNIA AVE, Chicago, IL, United States"
2790,2008.1.30 0:00,41.854389,-87.685314,"2009 S WESTERN AVE, Chicago, IL, United States"
2791,2008.1.30 0:00,41.854711,-87.676024,"2010 S DAMEN AVE, Chicago, IL, United States"
2792,2008.1.30 0:00,41.857834,-87.669039,"1710 W 18TH ST, Chicago, IL, United States"
2793,2008.1.30 0:00,41.871394,-87.669586,"1713 W POLK ST, Chicago, IL, United States"
2795,2008.1.30 0:00,41.939111,-87.712195,"3355 W BELMONT AVE, Chicago, IL, United States"
2796,2008.1.30 0:00,41.928959,-87.706954,"2610 N MILWAUKEE AVE, Chicago, IL, United States"
2797,2008.1.30 0:00,41.903376,-87.666682,"1200 N MILWAUKEE AVE, Chicago, IL, United States"
2798,2008.1.30 0:00,41.896433,-87.655967,"800 N MILWAUKEE AVE, Chicago, IL, United States"
2799,2008.1.30 0:00,41.99227,-87.783045,"502 N MILWAUKEE AVE, Chicago, IL, United States"
2900,2008.1.30 0:00,41.887803,-87.76767,"124 W LAKE ST, Chicago, IL, United States"
2901,2008.1.30 0:00,41.884083,-87.629333,"127 N DEARBORN ST, Chicago, IL, United States"
2902,2008.1.30 0:00,41.880385,-87.629474,"114 S DEARBORN ST, Chicago, IL, United States"
2903,2008.1.30 0:00,41.877896,-87.629401,"314 S DEARBORN ST, Chicago, IL, United States"
2904,2008.1.30 0:00,41.875467,-87.641371,"150 W CONGRESS PKWY, Chicago, IL, United States"
2905,2008.1.30 0:00,41.876185,-87.641118,"426 S CLINTON ST, Chicago, IL, United States"
2906,2008.1.30 0:00,41.909873,-87.647909,"1559 N CLYBOURN AVE, Chicago, IL, United States"
2909,2008.1.30 0:00,41.891498,-87.627954,"521 N STATE ST, Chicago, IL, United States"
2910,2008.1.30 0:00,41.885479,-87.628044,"188 N STATE ST, Chicago, IL, United States"
2911,2008.1.30 0:00,41.884084,-87.628008,"128 N STATE ST, Chicago, IL, United States"
3043,2012.10.13 13:48,41.745935,-87.724273,"_4062 W 81ST ST, Chicago, IL, United States"
4088,2012.5.8 9:50,41.684571,-87.670498,"11500 S HOMEWOOD AVE, Chicago, IL, United States"
5064,2012.5.3 9:24,41.794442,-87.687831,"5458 S MAPLEWOOD AVE, Chicago, IL, United States"
5065,2012.5.20 10:30,41.952914,-87.650027,"3900 N BROADWAY, Chicago, IL, United States"
5128,2013.5.21 10:24,41.76786,-87.62661,"6915 S LAFAYETTE AVE, Chicago, IL, United States"
5184,2016.3.11 13:34,41.963923,-87.653376,"4504 N HAZEL ST, Chicago, IL, United States"
6332,2017.4.21 14:22,41.779181,-87.708703,"3420 W 63RD ST, Chicago, IL, United States"
6333,2017.4.21 14:22,41.779181,-87.708703,"3420 W 63RD ST, Chicago, IL, United States"
6400,2017.4.23 8:07,41.691867,-87.669047,"1900 W MONTEREY AVE, Chicago, IL, United States"
6407,2017.4.23 8:07,41.691867,-87.669047,"1900 W MONTEREY AVE, Chicago, IL, United States"
7258,2015.5.18 12:35,41.750744,-87.636726,"359 W 79TH ST, Chicago, IL, United States"
M346,2017.11.15 8:34,41.866559,-87.690772,"1 W ROOSEVELT RD, Chicago, IL, United States"